-- phpMyAdmin SQL Dump
-- version 5.2.1
-- https://www.phpmyadmin.net/
--
-- Máy chủ: 127.0.0.1
-- Thời gian đã tạo: Th4 19, 2023 lúc 06:32 PM
-- Phiên bản máy phục vụ: 10.4.28-MariaDB
-- Phiên bản PHP: 8.0.28
CREATE DATABASE `user_music`;
USE user_music;

SET SQL_MODE = "NO_AUTO_VALUE_ON_ZERO";
START TRANSACTION;
SET time_zone = "+00:00";


/*!40101 SET @OLD_CHARACTER_SET_CLIENT=@@CHARACTER_SET_CLIENT */;
/*!40101 SET @OLD_CHARACTER_SET_RESULTS=@@CHARACTER_SET_RESULTS */;
/*!40101 SET @OLD_COLLATION_CONNECTION=@@COLLATION_CONNECTION */;
/*!40101 SET NAMES utf8mb4 */;

--
-- Cơ sở dữ liệu: `user_music`
--

-- --------------------------------------------------------

--
-- Cấu trúc bảng cho bảng `category`
--

CREATE TABLE `category` (
  `id` int(11) NOT NULL,
  `name` varchar(255) CHARACTER SET utf8 COLLATE utf8_general_ci DEFAULT NULL,
  `category_type` int(11) NOT NULL,
  `image` varchar(255) NOT NULL,
  `status` int(11) NOT NULL
) ENGINE=InnoDB DEFAULT CHARSET=utf8mb4 COLLATE=utf8mb4_unicode_520_ci;

--
-- Đang đổ dữ liệu cho bảng `category`
--

INSERT INTO `category` (`id`, `name`, `category_type`, `image`, `status`) VALUES
(1, '', 1, 'dinner.png', 1),
(2, '', 1, 'dulich.png', 1),
(3, '', 1, 'yoga.png', 1),
(4, '', 1, 'tinhyeu.png', 1),
(5, '', 1, 'running.png', 1),
(6, '', 1, 'driving.png', 1),
(7, '', 1, 'motivation.png', 1),
(8, '', 1, 'workout.png', 2);

-- --------------------------------------------------------

--
-- Cấu trúc bảng cho bảng `category_type`
--

CREATE TABLE `category_type` (
  `id` int(11) NOT NULL,
  `name` varchar(255) NOT NULL
) ENGINE=InnoDB DEFAULT CHARSET=utf8mb4 COLLATE=utf8mb4_unicode_520_ci;

--
-- Đang đổ dữ liệu cho bảng `category_type`
--

INSERT INTO `category_type` (`id`, `name`) VALUES
(1, 'Tâm trạng và hoạt động'),
(2, 'EDM'),
(3, 'Trữ tình & Bolero'),
(4, 'Remix'),
(5, 'R&B'),
(6, 'Nhạc Phim'),
(7, 'Nhạc Không Lời'),
(8, 'Nhạc Việt Bất Hủ');

-- --------------------------------------------------------

--
-- Cấu trúc bảng cho bảng `composer`
--

CREATE TABLE `composer` (
  `id_composer` int(11) NOT NULL,
  `name` varchar(255) CHARACTER SET utf8 COLLATE utf8_general_ci DEFAULT NULL,
  `country` int(11) DEFAULT NULL
) ENGINE=InnoDB DEFAULT CHARSET=utf8mb4 COLLATE=utf8mb4_unicode_520_ci;

--
-- Đang đổ dữ liệu cho bảng `composer`
--

INSERT INTO `composer` (`id_composer`, `name`, `country`) VALUES
(1, 'Hương Ly', 1),
(2, 'Hà Duy Thái', 1),
(3, 'Thái Học', 1),
(4, 'No name', 1),
(5, 'Orange', 1),
(6, 'Du Uyên', 1),
(7, 'Yan Nguyễn', 1),
(8, 'Diệu Kiên', 1),
(9, 'Tiên Cookie', 1),
(10, 'Trang Thiên', 1),
(11, 'H-Kray', 1),
(12, 'Huy Vạc', 1),
(13, 'Katy Trần', 1),
(14, 'Sơn Tùng Mtp', 1),
(15, 'Đoàn Thúy Trang', 1),
(16, 'Bích Phương', 1),
(17, 'Nguyễn Vĩ', 1),
(18, 'Gia Huy', 1),
(19, 'Nguyễn Zoe', 1),
(20, 'Lee Phú Quý', 1),
(21, 'Noo Phước Thịnh', 1),
(22, 'Trịnh Công Sơn', 1),
(23, 'Trịnh Thiên Ân', 1),
(24, 'Nguyễn Phúc Thiện', 1),
(25, 'Thúy Nga', 1),
(26, 'Yling', 2),
(27, 'T-Ara', 2),
(28, 'Alan Walker', 2),
(29, 'Rick Price', 2),
(30, 'Hoàng Thùy Linh', 1),
(31, 'Minh Vương M4U', 1),
(32, 'H2K', 1),
(33, 'Sezen Aksu', 2),
(34, 'Mariah Carey', 2),
(35, 'Charlie Puth', 2),
(36, 'Ed Sheeran', 2),
(37, 'Alec Benjamin', 2),
(38, 'Maroon 5', 2),
(39, 'Meghan Trainor', 2),
(40, 'Shawn Mendes', 2),
(41, 'Camila Cabello', 2),
(42, 'Justin Bieber', 2),
(43, 'Ellie Goulding', 2),
(44, 'Luis Fonsi', 2),
(45, 'Jaymes Young', 2),
(46, 'Pink Sweat', 2),
(47, 'Aaron Smith', 2),
(48, 'Shaun', 2),
(49, 'Mitchell Tenpenny', 2),
(50, 'Armnhrm', 2),
(51, 'Seven Lions', 2),
(52, 'Thanh Hưng', 1),
(53, 'Bùi Anh Tuấn', 1),
(54, 'Ngọc Quyền Sang', 1),
(55, 'Trà My Idol', 1),
(56, 'Lady Mây', 1),
(57, 'Cao Nam Thành', 1),
(58, 'Phùng Thanh Độ', 1),
(59, 'Czee', 1),
(60, 'Sơn Tùng M-Tp', 1),
(61, 'Rhymatic', 1),
(62, 'Huyr', 1),
(63, 'Tùng Viu', 1),
(64, 'Da Lab', 1),
(65, 'Masew', 1),
(66, 'Masiu', 1),
(67, 'B Ray', 1),
(68, 'Tap', 1),
(69, 'Hoà Minzy', 1),
(70, 'Độ Mixi', 1),
(71, 'Jack 97', 1),
(72, 'Hà Anh Tuấn', 1),
(73, 'Buitruonglinh', 1),
(74, 'Duy Tuyên', 1),
(75, 'Phúcxp', 1),
(76, 'Freakd', 1),
(77, 'Mỹ Tâm', 1),
(78, 'Hà Nhi', 1),
(79, 'Kym', 1),
(80, 'Cầm', 1),
(81, 'Umie', 1),
(82, 'Freaky', 1),
(83, 'Hổ', 1),
(84, 'Choco', 1),
(85, 'Phúc Du', 1),
(86, 'Hoàng Duyên', 1),
(87, 'Hứa Kim Tuyền', 1),
(88, 'Quanvro', 1),
(89, 'Min', 1),
(90, 'Bùi Trường Linh', 1),
(91, 'O.Lew', 1),
(92, 'Vũ', 1),
(93, 'Long Phạm', 1),
(94, 'Lã.', 1),
(95, 'Log', 1),
(96, 'Tib', 1),
(97, 'Kygo', 1),
(98, 'Dean Lewis', 1),
(99, 'Lauv', 1),
(100, 'Carys', 1),
(101, 'The Chainsmokers', 1),
(102, 'Haley', 1),
(103, 'Justine Skye', 1),
(104, 'Tyga', 1),
(105, 'Tone And I', 1),
(106, 'Air Supply', 1),
(107, 'Chi Dân', 1),
(108, 'Soobin Hoàng Sơn', 1),
(109, 'Only C Ft Lou Hoàng', 1),
(110, 'Doãn Hiếu', 1),
(111, 'Đức Phúc', 1),
(112, 'Hiền Hồ', 1),
(113, 'Nal', 1),
(114, 'Jin Tuấn Nam', 1),
(115, 'Võ Lê Mi', 1),
(116, 'Phát Hồ', 1),
(117, 'Kay Trần', 1),
(118, 'Nguyễn Khoa', 1),
(119, 'Binz', 1),
(120, 'Nguyễn Đình Vũ', 1),
(121, 'Tăng Phúc', 1),
(122, 'Yuno Bigboy', 1),
(123, 'Dino', 1),
(124, 'Thảo Nhi', 1),
(125, 'Uông Tô Lang', 3),
(126, 'Tôn Ngữ Trại', 3),
(127, 'Tiêu Doãn', 3),
(128, 'Kimsa', 3),
(129, 'Tfboys', 3),
(130, 'Green', 1),
(131, 'Erik', 1);

-- --------------------------------------------------------

--
-- Cấu trúc bảng cho bảng `country`
--

CREATE TABLE `country` (
  `id` int(11) NOT NULL,
  `name` varchar(255) CHARACTER SET utf8 COLLATE utf8_general_ci DEFAULT NULL
) ENGINE=InnoDB DEFAULT CHARSET=utf8mb4 COLLATE=utf8mb4_unicode_520_ci;

--
-- Đang đổ dữ liệu cho bảng `country`
--

INSERT INTO `country` (`id`, `name`) VALUES
(1, 'Viet Nam'),
(2, 'US-UK'),
(3, 'China'),
(4, 'Thailand'),
(5, 'Korean');

-- --------------------------------------------------------

--
-- Cấu trúc bảng cho bảng `historyplay`
--

CREATE TABLE `historyplay` (
  `id` int(11) NOT NULL,
  `iuser` int(11) DEFAULT NULL,
  `music` int(11) DEFAULT NULL,
  `date_listen` date DEFAULT NULL
) ENGINE=InnoDB DEFAULT CHARSET=utf8mb4 COLLATE=utf8mb4_unicode_520_ci;

--
-- Đang đổ dữ liệu cho bảng `historyplay`
--

INSERT INTO `historyplay` (`id`, `iuser`, `music`, `date_listen`) VALUES
(1, 4, 101, '2023-04-10'),
(2, 2, 179, '2023-04-10'),
(3, 1, 181, '2023-04-10'),
(4, 1, 73, '2023-04-10'),
(5, 1, 198, '2023-04-10'),
(6, 3, 68, '2023-04-10'),
(7, 1, 104, '2023-04-10'),
(8, 2, 19, '2023-04-10'),
(9, 3, 112, '2023-04-10'),
(10, 1, 127, '2023-04-10'),
(11, 3, 84, '2023-04-10'),
(12, 2, 64, '2023-04-10'),
(13, 3, 62, '2023-04-10'),
(14, 5, 20, '2023-04-10'),
(15, 3, 74, '2023-04-10'),
(16, 2, 191, '2023-04-10'),
(17, 4, 26, '2023-04-10'),
(18, 2, 82, '2023-04-10'),
(19, 1, 97, '2023-04-10'),
(20, 3, 182, '2023-04-10'),
(21, 2, 65, '2023-04-10'),
(22, 3, 158, '2023-04-10'),
(23, 3, 89, '2023-04-10'),
(24, 1, 178, '2023-04-10'),
(25, 3, 177, '2023-04-10'),
(26, 5, 138, '2023-04-10'),
(27, 1, 48, '2023-04-10'),
(28, 4, 136, '2023-04-10'),
(29, 4, 68, '2023-04-10'),
(30, 2, 69, '2023-04-10'),
(31, 4, 85, '2023-04-10'),
(32, 1, 117, '2023-04-10'),
(33, 4, 119, '2023-04-10'),
(34, 4, 189, '2023-04-10'),
(35, 5, 101, '2023-04-10'),
(36, 4, 109, '2023-04-10'),
(37, 3, 106, '2023-04-10'),
(38, 3, 90, '2023-04-10'),
(39, 5, 173, '2023-04-10'),
(40, 1, 182, '2023-04-10'),
(41, 3, 171, '2023-04-10'),
(42, 3, 159, '2023-04-10'),
(43, 1, 137, '2023-04-10'),
(44, 4, 120, '2023-04-10'),
(45, 3, 186, '2023-04-10'),
(46, 3, 104, '2023-04-10'),
(47, 5, 140, '2023-04-10'),
(48, 3, 161, '2023-04-10'),
(49, 1, 84, '2023-04-10'),
(50, 5, 31, '2023-04-10');

-- --------------------------------------------------------

--
-- Cấu trúc bảng cho bảng `music`
--

CREATE TABLE `music` (
  `id` int(11) NOT NULL,
  `poster` int(11) DEFAULT NULL,
  `country` int(11) DEFAULT NULL,
  `name` varchar(255) CHARACTER SET utf8 COLLATE utf8_general_ci DEFAULT NULL,
  `date_add` datetime(3) DEFAULT NULL,
  `duration` time(6) DEFAULT NULL,
  `image` varchar(255) CHARACTER SET utf8 COLLATE utf8_general_ci DEFAULT NULL,
  `src` varchar(255) CHARACTER SET utf8 COLLATE utf8_general_ci DEFAULT NULL,
  `status` int(11) NOT NULL DEFAULT 1
) ENGINE=InnoDB DEFAULT CHARSET=utf8mb4 COLLATE=utf8mb4_unicode_520_ci;

--
-- Đang đổ dữ liệu cho bảng `music`
--

INSERT INTO `music` (`id`, `poster`, `country`, `name`, `date_add`, `duration`, `image`, `src`, `status`) VALUES
(1, 1, 1, 'Chạy Về Khóc Với Anh', '2023-04-10 17:30:15.000', '03:26:00.000000', '1.jpg', '1.mp3', 1),
(2, 3, 1, 'Sẵn Sàng Yêu Em Đi Thôi', '2023-04-10 17:30:15.000', '05:29:00.000000', '2.jpg', '2.mp3', 1),
(3, 4, 1, 'Gieo Quẻ', '2023-04-10 17:30:15.000', '04:00:00.000000', '3.jpg', '3.mp3', 1),
(4, 5, 1, 'Vui Lắm Nha', '2023-04-10 17:30:15.000', '05:31:00.000000', '4.jpg', '4.mp3', 1),
(5, 1, 1, 'Lưu Số Em Đi', '2023-04-10 17:30:15.000', '04:21:00.000000', '5.jpg', '5.mp3', 1),
(6, 2, 1, 'Như Một Người Dưng', '2023-04-10 17:30:15.000', '05:56:00.000000', '6.jpg', '6.mp3', 1),
(7, 3, 1, 'Ôm Nhiều Mộng Mơ', '2023-04-10 17:30:15.000', '04:57:00.000000', '7.jpg', '7.mp3', 1),
(8, 4, 1, 'Tình Yêu Ngủ Quên', '2023-04-10 17:30:15.000', '02:55:00.000000', '8.jpg', '8.mp3', 1),
(9, 5, 1, 'Không Bằng', '2023-04-10 17:30:15.000', '04:00:00.000000', '9.jpg', '9.mp3', 1),
(10, 1, 1, 'Ai Chung Tình Được Mãi', '2023-04-10 17:30:15.000', '05:41:00.000000', '10.jpg', '10.mp3', 1),
(11, 2, 1, 'Cô Đơn Dành Cho Ai', '2023-04-10 17:30:15.000', '05:05:00.000000', '11.jpg', '11.mp3', 1),
(12, 3, 1, 'Ánh mắt ta chạm nhau', '2023-04-10 17:30:15.000', '04:39:00.000000', '12.jpg', '12.mp3', 1),
(13, 4, 1, '2 Phút Hơn', '2023-04-10 17:30:15.000', '03:20:00.000000', '13.jpg', '13.mp3', 1),
(14, 5, 1, 'Là Ai Từ Bỏ Là Ai Vô Tình', '2023-04-10 17:30:15.000', '04:57:00.000000', '14.jpg', '14.mp3', 1),
(15, 5, 1, 'Yêu Đừng Sợ Đau', '2023-04-10 17:30:15.000', '03:53:00.000000', '15.jpg', '15.mp3', 1),
(16, 4, 1, 'Một Bước Yêu Vạn Dặm Đau', '2023-04-10 17:30:15.000', '02:22:00.000000', '16.jpg', '16.mp3', 1),
(17, 5, 1, 'Quên Người Đã Quá Yêu', '2023-04-10 17:30:15.000', '04:24:00.000000', '17.jpg', '17.mp3', 1),
(18, 5, 1, 'Lý Do Là Gì', '2023-04-10 17:30:15.000', '04:04:00.000000', '18.jpg', '18.mp3', 1),
(19, 1, 2, 'Dolce Music', '2023-04-10 17:30:15.000', '03:46:00.000000', '19.jpg', '19.mp3', 1),
(20, 2, 1, 'Em Hát Ai Nghe', '2023-04-10 17:30:15.000', '03:49:00.000000', '20.jpg', '20.mp3', 1),
(21, 2, 3, 'Null', '2023-04-10 17:30:15.000', '03:13:00.000000', '21.jpg', '21.mp3', 1),
(22, 1, 1, 'Duyên Duyên Số Số', '2023-04-10 17:30:15.000', '04:13:00.000000', '22.jpg', '22.mp3', 1),
(23, 2, 1, 'Siêu Cô Đơn', '2023-04-10 17:30:15.000', '04:07:00.000000', '23.jpg', '23.mp3', 1),
(24, 2, 1, 'Thuyền Quyên', '2023-04-10 17:30:15.000', '04:13:00.000000', '24.jpg', '24.mp3', 1),
(25, 1, 2, 'Thời Gian Sẽ Trả Lời', '2023-04-10 17:30:15.000', '03:45:00.000000', '25.jpg', '25.mp3', 1),
(26, 4, 1, 'Frexs Records', '2023-04-10 17:30:15.000', '05:52:00.000000', '26.jpg', '26.mp3', 1),
(27, 3, 1, 'Chờ Đợi Có Đáng Sợ', '2023-04-10 17:30:15.000', '03:12:00.000000', '27.jpg', '27.mp3', 1),
(28, 2, 1, 'Seal', '2023-04-10 17:30:15.000', '03:00:00.000000', '28.jpg', '28.mp3', 1),
(29, 4, 1, 'Tấm Lòng Son', '2023-04-10 17:30:15.000', '04:41:00.000000', '29.jpg', '29.mp3', 1),
(30, 5, 1, 'Chạnh Lòng Thương Cô', '2023-04-10 17:30:15.000', '04:10:00.000000', '30.jpg', '30.mp3', 1),
(31, 3, 1, 'Phía Sau Em', '2023-04-10 17:30:15.000', '03:10:00.000000', '31.jpg', '31.mp3', 1),
(32, 3, 1, 'Buông Đôi Tay Nhau Ra', '2023-04-10 17:30:15.000', '03:03:00.000000', '32.jpg', '32.mp3', 1),
(33, 4, 1, 'Tình Yêu Màu Nắng', '2023-04-10 17:30:15.000', '04:40:00.000000', '33.jpg', '33.mp3', 1),
(34, 3, 1, 'Rằng Em Mãi Ở Bên', '2023-04-10 17:30:15.000', '03:24:00.000000', '34.jpg', '34.mp3', 1),
(35, 3, 1, 'Dạo Này Em Sao', '2023-04-10 17:30:15.000', '04:17:00.000000', '35.jpg', '35.mp3', 1),
(36, 3, 1, 'No Name', '2023-04-10 17:30:15.000', '02:49:00.000000', '36.jpg', '36.mp3', 1),
(37, 5, 1, 'Em Vội Quên', '2023-04-10 17:30:15.000', '05:05:00.000000', '37.jpg', '37.mp3', 1),
(38, 3, 1, 'Ai Khóc Cho Em', '2023-04-10 17:30:15.000', '03:03:00.000000', '38.jpg', '38.mp3', 1),
(39, 5, 3, 'Phong Dạ Hành', '2023-04-10 17:30:15.000', '04:47:00.000000', '39.jpg', '39.mp3', 1),
(40, 5, 3, 'Hồng Nhan Xưa', '2023-04-10 17:30:15.000', '04:04:00.000000', '40.jpg', '40.mp3', 1),
(41, 5, 1, 'Chạm Khẽ Tim Anh Một Chút', '2023-04-10 17:30:15.000', '04:40:00.000000', '41.jpg', '41.mp3', 1),
(42, 2, 1, 'Star', '2023-04-10 17:30:15.000', '04:50:00.000000', '42.jpg', '42.mp3', 1),
(43, 3, 1, 'Có Duyên Không Nợ', '2023-04-10 17:30:15.000', '04:20:00.000000', '43.jpg', '43.mp3', 1),
(44, 5, 1, 'Khi Yêu Nào Ai Muốn', '2023-04-10 17:30:15.000', '03:16:00.000000', '44.jpg', '44.mp3', 1),
(45, 1, 1, 'Người Đáng Thương Là Anh', '2023-04-10 17:30:15.000', '02:49:00.000000', '45.jpg', '45.mp3', 1),
(46, 1, 1, 'Ảo Ảnh', '2023-04-10 17:30:15.000', '04:00:00.000000', '46.jpg', '46.mp3', 1),
(47, 1, 1, 'Null', '2023-04-10 17:30:15.000', '02:04:00.000000', '47.jpg', '47.mp3', 1),
(48, 2, 1, 'Chỉ Muốn Bên Anh Thật Gần', '2023-04-10 17:30:15.000', '03:25:00.000000', '48.jpg', '48.mp3', 1),
(49, 5, 1, 'Null', '2023-04-10 17:30:15.000', '03:31:00.000000', '49.jpg', '49.mp3', 1),
(50, 5, 1, 'Phạm Văn Trường', '2023-04-10 17:30:15.000', '02:59:00.000000', '50.jpg', '50.mp3', 1),
(51, 2, 1, 'Mh Music', '2023-04-10 17:30:15.000', '04:12:00.000000', '51.jpg', '51.mp3', 1),
(52, 4, 5, 'Roly Poly', '2023-04-10 17:30:15.000', '03:10:00.000000', '52.jpg', '52.mp3', 1),
(53, 3, 1, 'Nơi Này Có Anh', '2023-04-10 17:30:15.000', '04:15:00.000000', '53.jpg', '53.mp3', 1),
(54, 5, 1, 'Lacky Twice', '2023-04-10 17:30:15.000', '04:52:00.000000', '54.jpg', '54.mp3', 1),
(55, 3, 2, 'The Spectre', '2023-04-10 17:30:15.000', '03:52:00.000000', '55.jpg', '55.mp3', 1),
(56, 1, 2, 'No More Goodbye', '2023-04-10 17:30:15.000', '03:14:00.000000', '56.jpg', '56.mp3', 1),
(57, 5, 1, 'Null', '2023-04-10 17:30:15.000', '04:28:00.000000', '57.jpg', '57.mp3', 1),
(58, 3, 1, 'Em Đây Không Phải Thúy Kiều', '2023-04-10 17:30:15.000', '02:17:00.000000', '58.jpg', '58.mp3', 1),
(59, 5, 1, 'Nỗi Đau Xót Xa', '2023-04-10 17:30:15.000', '03:11:00.000000', '59.jpg', '59.mp3', 1),
(60, 5, 1, 'Em Ngốc Quá', '2023-04-10 17:30:15.000', '04:16:00.000000', '60.jpg', '60.mp3', 1),
(61, 1, 1, 'Em Có Biết', '2023-04-10 17:30:15.000', '03:33:00.000000', '61.jpg', '61.mp3', 1),
(62, 4, 1, 'Null', '2023-04-10 17:30:15.000', '03:27:00.000000', '62.jpg', '62.mp3', 1),
(63, 1, 2, 'Boom Cha La', '2023-04-10 17:30:15.000', '03:03:00.000000', '63.jpg', '63.mp3', 1),
(64, 5, 1, 'Null', '2023-04-10 17:30:15.000', '03:03:00.000000', '64.jpg', '64.mp3', 1),
(65, 2, 5, 'Kiss', '2023-04-10 17:30:15.000', '05:15:00.000000', '65.jpg', '65.mp3', 1),
(66, 4, 2, 'Hero', '2023-04-10 17:30:15.000', '03:16:00.000000', '66.jpg', '66.mp3', 1),
(67, 1, 2, 'See You Again', '2023-04-10 17:30:15.000', '03:50:00.000000', '67.jpg', '67.mp3', 1),
(68, 5, 2, 'Shape Of You', '2023-04-10 17:30:15.000', '03:52:00.000000', '68.jpg', '68.mp3', 1),
(69, 4, 2, 'Let Me Down Slowly', '2023-04-10 17:30:15.000', '02:52:00.000000', '69.jpg', '69.mp3', 1),
(70, 5, 2, 'Lily', '2023-04-10 17:30:15.000', '03:14:00.000000', '70.jpg', '70.mp3', 1),
(71, 2, 2, 'We Dont Talk Anymore', '2023-04-10 17:30:15.000', '03:43:00.000000', '71.jpg', '71.mp3', 1),
(72, 2, 2, 'Attention', '2023-04-10 17:30:15.000', '03:35:00.000000', '72.jpg', '72.mp3', 1),
(73, 1, 2, 'Girls Like You', '2023-04-10 17:30:15.000', '03:53:00.000000', '73.jpg', '73.mp3', 1),
(74, 5, 2, 'Untouchable', '2023-04-10 17:30:15.000', '03:34:00.000000', '74.jpg', '74.mp3', 1),
(75, 3, 2, 'Treat You Better', '2023-04-10 17:30:15.000', '13:49:00.000000', '75.jpg', '75.mp3', 1),
(76, 1, 2, 'Senorita', '2023-04-10 17:30:15.000', '14:43:00.000000', '76.jpg', '76.mp3', 1),
(77, 2, 2, 'Love Yourself', '2023-04-10 17:30:15.000', '04:48:00.000000', '77.jpg', '77.mp3', 1),
(78, 5, 2, 'Love Me Like You Do', '2023-04-10 17:30:15.000', '04:25:00.000000', '78.jpg', '78.mp3', 1),
(79, 1, 2, 'Alone', '2023-04-10 17:30:15.000', '02:41:00.000000', '79.jpg', '79.mp3', 1),
(80, 3, 2, 'Faded', '2023-04-10 17:30:15.000', '03:33:00.000000', '80.jpg', '80.mp3', 1),
(81, 1, 2, 'Despacito', '2023-04-10 17:30:15.000', '04:54:00.000000', '81.jpg', '81.mp3', 1),
(82, 4, 2, 'Spectre', '2023-04-10 17:30:15.000', '03:09:00.000000', '82.jpg', '82.mp3', 1),
(83, 5, 2, 'Infinity', '2023-04-10 17:30:15.000', '03:58:00.000000', '83.jpg', '83.mp3', 1),
(84, 1, 2, 'At My Worst', '2023-04-10 17:30:15.000', '02:51:00.000000', '84.jpg', '84.mp3', 1),
(85, 3, 2, 'Dancin', '2023-04-10 17:30:15.000', '03:18:00.000000', '85.jpg', '85.mp3', 1),
(86, 5, 2, 'On My Way', '2023-04-10 17:30:15.000', '03:14:00.000000', '86.jpg', '86.mp3', 1),
(87, 1, 2, 'Way Back Home', '2023-04-10 17:30:15.000', '03:13:00.000000', '87.jpg', '87.mp3', 1),
(88, 3, 2, 'Cheat Codes', '2023-04-10 17:30:15.000', '02:57:00.000000', '88.jpg', '88.mp3', 1),
(89, 2, 2, 'Drowning', '2023-04-10 17:30:15.000', '03:49:00.000000', '89.jpg', '89.mp3', 1),
(90, 5, 2, 'Brightest Light', '2023-04-10 17:30:15.000', '03:59:00.000000', '90.jpg', '90.mp3', 1),
(91, 5, 1, 'Thay Tôi Yêu Cô Ấy', '2023-04-10 17:30:15.000', '05:29:00.000000', '91.jpg', '91.mp3', 1),
(92, 2, 1, 'Sai Người Sai Thời Điểm', '2023-04-10 17:30:15.000', '06:08:00.000000', '92.jpg', '92.mp3', 1),
(93, 3, 1, 'Mơ Hồ', '2023-04-10 17:30:15.000', '04:16:00.000000', '93.jpg', '93.mp3', 1),
(94, 2, 1, 'Đừng Như Thói Quen', '2023-04-10 17:30:15.000', '04:28:00.000000', '94.jpg', '94.mp3', 1),
(95, 4, 1, 'Đừng Ai Nhắc Về Anh Ấy', '2023-04-10 17:30:15.000', '04:39:00.000000', '95.jpg', '95.mp3', 1),
(96, 5, 1, 'Anh Chưa Thương Em Đến Vậy Đâu', '2023-04-10 17:30:15.000', '04:32:00.000000', '96.jpg', '96.mp3', 1),
(97, 3, 1, 'Em Ơi Em Đừng Khóc', '2023-04-10 17:30:15.000', '04:35:00.000000', '97.jpg', '97.mp3', 1),
(98, 1, 1, 'Độ Đúng Đời', '2023-04-10 17:30:15.000', '03:21:00.000000', '98.jpg', '98.mp3', 1),
(99, 1, 1, 'Bộ Tộc Cùng Già', '2023-04-10 17:30:15.000', '04:41:00.000000', '99.jpg', '99.mp3', 1),
(100, 1, 1, 'Đâu Ai Dám Hứa', '2023-04-10 17:30:15.000', '03:44:00.000000', '100.jpg', '100.mp3', 1),
(101, 4, 1, 'Em Của Ngày Hôm Qua', '2023-04-10 17:30:15.000', '03:46:00.000000', '101.jpg', '101.mp3', 1),
(102, 3, 1, 'Nắng Ấm Xa Dần', '2023-04-10 17:30:15.000', '03:12:00.000000', '102.jpg', '102.mp3', 1),
(103, 3, 1, 'Chúng Ta Không Thuộc Về Nhau', '2023-04-10 17:30:15.000', '04:03:00.000000', '103.jpg', '103.mp3', 1),
(104, 5, 1, 'Yêu 5', '2023-04-10 17:30:15.000', '04:10:00.000000', '104.jpg', '104.mp3', 1),
(105, 5, 1, 'Cô Gái M52', '2023-04-10 17:30:15.000', '03:33:00.000000', '105.jpg', '105.mp3', 1),
(106, 3, 1, 'Một Nhà', '2023-04-10 17:30:15.000', '03:06:00.000000', '106.jpg', '106.mp3', 1),
(107, 1, 1, 'Cưới Thôi', '2023-04-10 17:30:15.000', '02:39:00.000000', '107.jpg', '107.mp3', 1),
(108, 1, 1, 'Thị Mầu', '2023-04-10 17:30:15.000', '03:21:00.000000', '108.jpg', '108.mp3', 1),
(109, 3, 1, 'Stream Đến Bao Giờ', '2023-04-10 17:30:15.000', '03:21:00.000000', '109.jpg', '109.mp3', 1),
(110, 2, 1, 'Chắc Ai Đó Sẽ Về', '2023-04-10 17:30:15.000', '05:15:00.000000', '110.jpg', '110.mp3', 1),
(111, 3, 1, 'Ấn Nút Nhớ Thả Giấc Mơ', '2023-04-10 17:30:15.000', '04:34:00.000000', '111.jpg', '111.mp3', 1),
(112, 4, 1, 'Nơi Này Có Anh', '2023-04-10 17:30:15.000', '04:38:00.000000', '112.jpg', '112.mp3', 1),
(113, 4, 1, 'Cause I Love You', '2023-04-10 17:30:15.000', '05:06:00.000000', '113.jpg', '113.mp3', 1),
(114, 2, 1, 'Gạt Đi Nước Mắt', '2023-04-10 17:30:15.000', '04:19:00.000000', '114.jpg', '114.mp3', 1),
(115, 1, 1, 'Cuối Cùng Thì', '2023-04-10 17:30:15.000', '03:33:00.000000', '115.jpg', '115.mp3', 1),
(116, 2, 1, 'Như Phút Ban Đầu', '2023-04-10 17:30:15.000', '04:14:00.000000', '116.jpg', '116.mp3', 1),
(117, 1, 1, 'Tháng Tư Là Lời Nói Dối Của Em', '2023-04-10 17:30:15.000', '05:57:00.000000', '117.jpg', '117.mp3', 1),
(118, 2, 1, 'Dù Cho Mai Về Sau', '2023-04-10 17:30:15.000', '03:34:00.000000', '118.jpg', '118.mp3', 1),
(119, 3, 1, 'Tháng Mấy Em Nhớ Anh', '2023-04-10 17:30:15.000', '04:50:00.000000', '119.jpg', '119.mp3', 1),
(120, 3, 1, 'Ngủ Ngon Nhé Vợ Tương Lai', '2023-04-10 17:30:15.000', '05:39:00.000000', '120.jpg', '120.mp3', 1),
(121, 2, 1, 'Như Anh Đã Thấy Em', '2023-04-10 17:30:15.000', '04:29:00.000000', '121.jpg', '121.mp3', 1),
(122, 5, 1, 'Chuyện Như Chưa Bắt Đầu', '2023-04-10 17:30:15.000', '04:42:00.000000', '122.jpg', '122.mp3', 1),
(123, 4, 1, 'Nơi Tình Yêu Bắt Đầu', '2023-04-10 17:30:15.000', '04:32:00.000000', '123.jpg', '123.mp3', 1),
(124, 3, 1, 'Dĩ Vãng Nhạt Nhoà', '2023-04-10 17:30:15.000', '03:45:00.000000', '124.jpg', '124.mp3', 1),
(125, 4, 1, 'Biết Đâu Sau Này', '2023-04-10 17:30:15.000', '03:11:00.000000', '125.jpg', '125.mp3', 1),
(126, 4, 1, 'Có Ai Đâu Ngờ', '2023-04-10 17:30:15.000', '03:40:00.000000', '126.jpg', '126.mp3', 1),
(127, 2, 1, 'Ghé Vào Tai', '2023-04-10 17:30:15.000', '02:35:00.000000', '127.jpg', '127.mp3', 1),
(128, 1, 1, 'Người Yêu Không Đá', '2023-04-10 17:30:15.000', '02:56:00.000000', '128.jpg', '128.mp3', 1),
(129, 2, 1, 'See Tình', '2023-04-10 17:30:15.000', '03:03:00.000000', '129.jpg', '129.mp3', 1),
(130, 3, 1, 'Mặt Trời Của Em', '2023-04-10 17:30:15.000', '04:11:00.000000', '130.jpg', '130.mp3', 1),
(131, 2, 1, 'Null', '2023-04-10 17:30:15.000', '04:16:00.000000', '131.jpg', '131.mp3', 1),
(132, 1, 1, 'Null', '2023-04-10 17:30:15.000', '03:34:00.000000', '132.jpg', '132.mp3', 1),
(133, 4, 1, 'Sài Gòn Hôm Nay Mưa', '2023-04-10 17:30:15.000', '04:22:00.000000', '133.jpg', '133.mp3', 1),
(134, 1, 1, 'Hai Mươi Hai', '2023-04-10 17:30:15.000', '04:30:00.000000', '134.jpg', '134.mp3', 1),
(135, 5, 1, 'Công Chúa Bong Bóng', '2023-04-10 17:30:15.000', '03:35:00.000000', '135.jpg', '135.mp3', 1),
(136, 4, 1, 'Ánh Nắng Của Anh', '2023-04-10 17:30:15.000', '04:21:00.000000', '136.jpg', '136.mp3', 1),
(137, 2, 1, 'Có Em Chờ', '2023-04-10 17:30:15.000', '04:04:00.000000', '137.jpg', '137.mp3', 1),
(138, 5, 1, 'Yêu Người Có Giấc Mơ', '2023-04-10 17:30:15.000', '04:56:00.000000', '138.jpg', '138.mp3', 1),
(139, 5, 1, 'Rồi Ta Sẽ Ngắm Pháo Hoa Cùng Nhau', '2023-04-10 17:30:15.000', '04:39:00.000000', '139.jpg', '139.mp3', 1),
(140, 1, 1, 'Lạ Lùng', '2023-04-10 17:30:15.000', '04:22:00.000000', '140.jpg', '140.mp3', 1),
(141, 2, 1, 'Gió Vẫn Hát', '2023-04-10 17:30:15.000', '04:00:00.000000', '141.jpg', '141.mp3', 1),
(142, 4, 1, 'Anh Thương Em Nhất Mà', '2023-04-10 17:30:15.000', '03:14:00.000000', '142.jpg', '142.mp3', 1),
(143, 2, 2, 'Sugar', '2023-04-10 17:30:15.000', '03:53:00.000000', '143.jpg', '143.mp3', 1),
(144, 3, 2, 'Firestone', '2023-04-10 17:30:15.000', '05:02:00.000000', '144.jpg', '144.mp3', 1),
(145, 1, 2, 'Be Alright', '2023-04-10 17:30:15.000', '03:15:00.000000', '145.jpg', '145.mp3', 1),
(146, 2, 2, 'Lonely Eyes', '2023-04-10 17:30:15.000', '03:16:00.000000', '146.jpg', '146.mp3', 1),
(147, 5, 2, 'Princess Dont Cry', '2023-04-10 17:30:15.000', '03:27:00.000000', '147.jpg', '147.mp3', 1),
(148, 4, 2, 'Memorise', '2023-04-10 17:30:15.000', '03:11:00.000000', '148.jpg', '148.mp3', 1),
(149, 4, 2, 'Shape Of You', '2023-04-10 17:30:15.000', '03:55:00.000000', '149.jpg', '149.mp3', 1),
(150, 4, 2, 'Closer', '2023-04-10 17:30:15.000', '05:04:00.000000', '150.jpg', '150.mp3', 1),
(151, 5, 2, 'Collide', '2023-04-10 17:30:15.000', '05:02:00.000000', '151.jpg', '151.mp3', 1),
(152, 5, 2, 'Dance Monkey', '2023-04-10 17:30:15.000', '03:29:00.000000', '152.jpg', '152.mp3', 1),
(153, 2, 1, 'Come What May', '2023-04-10 17:30:15.000', '03:59:00.000000', '153.jpg', '153.mp3', 1),
(154, 4, 1, 'Sự Thật Sau Một Lời Hứa', '2023-04-10 17:30:15.000', '04:56:00.000000', '154.jpg', '154.mp3', 1),
(155, 5, 1, 'Tâm Sự Với Người Lạ', '2023-04-10 17:30:15.000', '04:25:00.000000', '155.jpg', '155.mp3', 1),
(156, 3, 1, 'Phía Sau Một Cô Gái', '2023-04-10 17:30:15.000', '04:33:00.000000', '156.jpg', '156.mp3', 1),
(157, 4, 1, 'Đếm Ngày Xa Em', '2023-04-10 17:30:15.000', '04:24:00.000000', '157.jpg', '157.mp3', 1),
(158, 4, 1, 'Họ Yêu Ai Mất Rồi', '2023-04-10 17:30:15.000', '05:31:00.000000', '158.jpg', '158.mp3', 1),
(159, 3, 1, 'Cũng Đành Thôi', '2023-04-10 17:30:15.000', '04:32:00.000000', '159.jpg', '159.mp3', 1),
(160, 4, 1, 'Cưới Nhau Đi (Yes I Do)', '2023-04-10 17:30:15.000', '04:10:00.000000', '160.jpg', '160.mp3', 1),
(161, 5, 1, 'Rồi Tới Luôn', '2023-04-10 17:30:15.000', '04:03:00.000000', '161.jpg', '161.mp3', 1),
(162, 5, 1, 'Em Là Nhất Miền Tây', '2023-04-10 17:30:15.000', '03:12:00.000000', '162.jpg', '162.mp3', 1),
(163, 2, 1, 'Yêu Là Cưới', '2023-04-10 17:30:15.000', '02:57:00.000000', '163.jpg', '163.mp3', 1),
(164, 2, 1, 'Chuyện Tình Tôi', '2023-04-10 17:30:15.000', '03:04:00.000000', '164.jpg', '164.mp3', 1),
(165, 5, 1, 'Phía Sau Em', '2023-04-10 17:30:15.000', '03:10:00.000000', '165.jpg', '165.mp3', 1),
(166, 3, 1, 'Kỳ Vọng Sai Lầm', '2023-04-10 17:30:15.000', '03:45:00.000000', '166.jpg', '166.mp3', 1),
(167, 3, 1, 'Chỉ Là Không Cùng Nhau', '2023-04-10 17:30:15.000', '03:44:00.000000', '167.jpg', '167.mp3', 1),
(168, 5, 3, 'Có Chút Ngọt Ngào', '2023-04-10 17:30:15.000', '03:44:00.000000', '168.jpg', '168.mp3', 1),
(169, 1, 3, 'Không Chỉ Là Thích', '2023-04-10 17:30:15.000', '03:48:00.000000', '169.jpg', '169.mp3', 1),
(170, 2, 3, 'Phép Màu Tình Yêu', '2023-04-10 17:30:15.000', '03:08:00.000000', '170.jpg', '170.mp3', 1),
(171, 2, 3, 'Lâu Đài Ma Pháp', '2023-04-10 17:30:15.000', '04:35:00.000000', '171.jpg', '171.mp3', 1),
(172, 2, 3, 'Ring Ring Ring', '2023-04-10 17:30:15.000', '03:20:00.000000', '172.jpg', '172.mp3', 1),
(173, 5, 3, 'Chén Trà Nhỏ', '2023-04-10 17:30:15.000', '03:14:00.000000', '173.jpg', '173.mp3', 1),
(174, 1, 3, 'Nhất Tiếu Khuynh Thành', '2023-04-10 17:30:15.000', '03:51:00.000000', '174.jpg', '174.mp3', 1),
(175, 4, 3, 'Vy Vy Mỉm Cười Rất Đẹp', '2023-04-10 17:30:15.000', '03:18:00.000000', '175.jpg', '175.mp3', 1),
(176, 2, 3, 'Người Bên Gối', '2023-04-10 17:30:15.000', '04:31:00.000000', '176.jpg', '176.mp3', 1),
(177, 4, 3, 'Duyên Tự Thư', '2023-04-10 17:30:15.000', '03:53:00.000000', '177.jpg', '177.mp3', 1),
(178, 4, 3, 'Khăng Khăng', '2023-04-10 17:30:15.000', '04:01:00.000000', '178.jpg', '178.mp3', 1),
(179, 3, 3, 'Kẹo Trăng Sao', '2023-04-10 17:30:15.000', '03:17:00.000000', '179.jpg', '179.mp3', 1),
(180, 1, 3, '草莓味', '2023-04-10 17:30:15.000', '02:50:00.000000', '180.jpg', '180.mp3', 1),
(181, 1, 3, '星空秘语', '2023-04-10 17:30:15.000', '02:40:00.000000', '181.jpg', '181.mp3', 1),
(182, 3, 2, 'Pink Venow', '2023-04-10 17:30:15.000', '03:07:00.000000', '182.jpg', '182.mp3', 1),
(183, 5, 5, 'Haru Haru', '2023-04-10 17:30:15.000', '04:14:00.000000', '183.jpg', '183.mp3', 1),
(184, 3, 5, 'This Love', '2023-04-10 17:30:15.000', '03:50:00.000000', '184.jpg', '184.mp3', 1),
(185, 2, 5, 'You Are My Everything', '2023-04-10 17:30:15.000', '03:55:00.000000', '185.jpg', '185.mp3', 1),
(186, 3, 2, 'My Stupid Heart', '2023-04-10 17:30:15.000', '03:30:00.000000', '186.jpg', '186.mp3', 1),
(187, 3, 1, 'Колыбельная', '2023-04-10 17:30:15.000', '03:53:00.000000', '187.jpg', '187.mp3', 1),
(188, 4, 4, 'Thích Cậu Á', '2023-04-10 17:30:15.000', '03:22:00.000000', '188.jpg', '188.mp3', 1),
(189, 5, 1, 'Nếu Em Không Về', '2023-04-10 17:30:15.000', '05:37:00.000000', '189.jpg', '189.mp3', 1),
(190, 5, 1, 'Sao Cũng Được', '2023-04-10 17:30:15.000', '04:41:00.000000', '190.jpg', '190.mp3', 1),
(191, 5, 1, 'Chờ Đợi Có Đáng Sợ', '2023-04-10 17:30:15.000', '05:19:00.000000', '191.jpg', '191.mp3', 1),
(192, 4, 1, 'Chẳng Thể Tìm Được Em', '2023-04-10 17:30:15.000', '05:48:00.000000', '192.jpg', '192.mp3', 1),
(193, 2, 1, 'Yêu Em Hơn Mỗi Ngày', '2023-04-10 17:30:15.000', '06:16:00.000000', '193.jpg', '193.mp3', 1),
(194, 5, 1, 'Bốn Mùa Thương Em', '2023-04-10 17:30:15.000', '04:27:00.000000', '194.jpg', '194.mp3', 1),
(195, 1, 1, 'Anh Đã Từ Bỏ Rồi Đấy', '2023-04-10 17:30:15.000', '04:28:00.000000', '195.jpg', '195.mp3', 1),
(196, 3, 1, 'Đánh Mất Em', '2023-04-10 17:30:15.000', '03:48:00.000000', '196.jpg', '196.mp3', 1),
(197, 5, 1, 'Chuyện Đôi Ta', '2023-04-10 17:30:15.000', '03:31:00.000000', '197.jpg', '197.mp3', 1),
(198, 1, 1, 'Tháng Năm', '2023-04-10 17:30:15.000', '04:04:00.000000', '198.jpg', '198.mp3', 1),
(199, 1, 1, 'Nụ Cười Em Là Nắng', '2023-04-10 17:30:15.000', '04:38:00.000000', '199.jpg', '199.mp3', 1),
(200, 1, 1, 'Chỉ Muốn Bên Em Thật Gần', '2023-04-10 17:30:15.000', '04:00:00.000000', '200.jpg', '200.mp3', 1);

-- --------------------------------------------------------

--
-- Cấu trúc bảng cho bảng `musiccategory`
--

CREATE TABLE `musiccategory` (
  `id` int(11) NOT NULL,
  `category` int(11) DEFAULT NULL,
  `music` int(11) DEFAULT NULL
) ENGINE=InnoDB DEFAULT CHARSET=utf8mb4 COLLATE=utf8mb4_unicode_520_ci;

--
-- Đang đổ dữ liệu cho bảng `musiccategory`
--

INSERT INTO `musiccategory` (`id`, `category`, `music`) VALUES
(1, 1, 16),
(2, 1, 17),
(3, 1, 18),
(4, 2, 19),
(5, 3, 20),
(6, 2, 21),
(7, 1, 22),
(8, 1, 23),
(9, 1, 24),
(10, 1, 25),
(11, 2, 26),
(12, 1, 27),
(13, 2, 28),
(14, 1, 29),
(15, 1, 30),
(16, 4, 31),
(17, 1, 32),
(18, 1, 33),
(19, 1, 34),
(20, 1, 35),
(21, 2, 36),
(22, 1, 37),
(23, 1, 38),
(24, 2, 39),
(25, 5, 40),
(26, 1, 41),
(27, 2, 42),
(28, 3, 43),
(29, 1, 44),
(30, 1, 45),
(31, 3, 46),
(32, 2, 47),
(33, 6, 48),
(34, 2, 49),
(35, 2, 50),
(36, 2, 51),
(37, 7, 52),
(38, 1, 53),
(39, 2, 54),
(40, 8, 55),
(41, 7, 56),
(42, 2, 57),
(43, 1, 58),
(44, 1, 59),
(45, 1, 60),
(46, 1, 61),
(47, 2, 62),
(48, 2, 63),
(49, 2, 64),
(50, 7, 65),
(51, 7, 66),
(52, 7, 67),
(53, 7, 68),
(54, 7, 69),
(55, 8, 70),
(56, 7, 71),
(57, 7, 72),
(58, 7, 73),
(59, 7, 74),
(60, 7, 75),
(61, 7, 76),
(62, 7, 77),
(63, 7, 78),
(64, 8, 79),
(65, 8, 80),
(66, 7, 81),
(67, 8, 82),
(68, 7, 83),
(69, 7, 84),
(70, 7, 85),
(71, 8, 86),
(72, 7, 87),
(73, 7, 88),
(74, 7, 89),
(75, 7, 90),
(76, 1, 91),
(77, 1, 92),
(78, 1, 93),
(79, 1, 94),
(80, 1, 95),
(81, 1, 96),
(82, 1, 97),
(83, 1, 98),
(84, 1, 99),
(85, 7, 100),
(86, 7, 101),
(87, 7, 102),
(88, 7, 103),
(89, 7, 104),
(90, 7, 105),
(91, 7, 106),
(92, 7, 107),
(93, 7, 108),
(94, 7, 109),
(95, 7, 110),
(96, 7, 111),
(97, 7, 112),
(98, 7, 113),
(99, 7, 114),
(100, 7, 115),
(101, 7, 116),
(102, 7, 117),
(103, 7, 118),
(104, 7, 119),
(105, 7, 120),
(106, 7, 121),
(107, 7, 122),
(108, 7, 123),
(109, 7, 124),
(110, 7, 125),
(111, 7, 126),
(112, 1, 127),
(113, 1, 128),
(114, 1, 129),
(115, 5, 130),
(116, 5, 131),
(117, 5, 132),
(118, 1, 133),
(119, 1, 134),
(120, 1, 135),
(121, 5, 136),
(122, 1, 137),
(123, 1, 138),
(124, 7, 139),
(125, 7, 140),
(126, 7, 141),
(127, 7, 142),
(128, 7, 143),
(129, 7, 144),
(130, 7, 145),
(131, 7, 146),
(132, 7, 147),
(133, 7, 148),
(134, 7, 149),
(135, 7, 150),
(136, 7, 151),
(137, 7, 152),
(138, 7, 153),
(139, 7, 154),
(140, 7, 155),
(141, 7, 156),
(142, 7, 157),
(143, 7, 158),
(144, 7, 159),
(145, 7, 160),
(146, 7, 161),
(147, 7, 162),
(148, 7, 163),
(149, 7, 164),
(150, 7, 165),
(151, 7, 166),
(152, 7, 167),
(153, 7, 168),
(154, 7, 169),
(155, 7, 170),
(156, 7, 171),
(157, 7, 172),
(158, 7, 173),
(159, 7, 174),
(160, 7, 175),
(161, 7, 176),
(162, 7, 177),
(163, 7, 178),
(164, 7, 179),
(165, 7, 180),
(166, 7, 181),
(167, 7, 182),
(168, 7, 183),
(169, 7, 184),
(170, 7, 185),
(171, 7, 186),
(172, 7, 187),
(173, 7, 188),
(174, 2, 189),
(175, 7, 190),
(176, 7, 191),
(177, 7, 192),
(178, 7, 193),
(179, 7, 194),
(180, 7, 195),
(181, 7, 196),
(182, 7, 197),
(183, 7, 198),
(184, 7, 199),
(185, 7, 200),
(186, 1, 1),
(187, 1, 2),
(188, 1, 1),
(189, 1, 2);

-- --------------------------------------------------------

--
-- Cấu trúc bảng cho bảng `musiccomposer`
--

CREATE TABLE `musiccomposer` (
  `id` int(11) NOT NULL,
  `composer` int(11) DEFAULT NULL,
  `music` int(11) DEFAULT NULL
) ENGINE=InnoDB DEFAULT CHARSET=utf8mb4 COLLATE=utf8mb4_unicode_520_ci;

--
-- Đang đổ dữ liệu cho bảng `musiccomposer`
--

INSERT INTO `musiccomposer` (`id`, `composer`, `music`) VALUES
(1, 113, 12),
(2, 1, 16),
(3, 2, 17),
(4, 3, 18),
(5, 4, 19),
(6, 5, 20),
(7, 4, 21),
(8, 6, 22),
(9, 7, 23),
(10, 8, 24),
(11, 4, 25),
(12, 4, 26),
(13, 9, 27),
(14, 4, 28),
(15, 10, 29),
(16, 11, 30),
(17, 12, 31),
(18, 13, 32),
(19, 14, 33),
(20, 14, 34),
(21, 3, 35),
(22, 4, 36),
(23, 15, 37),
(24, 16, 38),
(25, 4, 39),
(26, 17, 40),
(27, 18, 41),
(28, 4, 42),
(29, 19, 43),
(30, 20, 44),
(31, 21, 45),
(32, 22, 46),
(33, 4, 47),
(34, 23, 48),
(35, 4, 49),
(36, 4, 50),
(37, 4, 51),
(38, 24, 52),
(39, 13, 53),
(40, 4, 54),
(41, 25, 55),
(42, 26, 56),
(43, 4, 57),
(44, 27, 58),
(45, 28, 59),
(46, 29, 60),
(47, 30, 61),
(48, 4, 62),
(49, 4, 63),
(50, 4, 64),
(51, 31, 65),
(52, 32, 66),
(53, 33, 67),
(54, 34, 68),
(55, 35, 69),
(56, 25, 70),
(57, 33, 71),
(58, 33, 72),
(59, 36, 73),
(60, 37, 74),
(61, 38, 75),
(62, 39, 76),
(63, 40, 77),
(64, 41, 78),
(65, 25, 79),
(66, 25, 80),
(67, 42, 81),
(68, 25, 82),
(69, 43, 83),
(70, 44, 84),
(71, 45, 85),
(72, 25, 86),
(73, 46, 87),
(74, 47, 88),
(75, 48, 89),
(76, 49, 90),
(77, 50, 91),
(78, 50, 92),
(79, 51, 93),
(80, 52, 94),
(81, 1, 95),
(82, 53, 96),
(83, 54, 97),
(84, 55, 98),
(85, 55, 99),
(86, 56, 100),
(87, 57, 101),
(88, 57, 102),
(89, 57, 103),
(90, 58, 104),
(91, 59, 105),
(92, 60, 106),
(93, 61, 107),
(94, 62, 108),
(95, 59, 109),
(96, 57, 110),
(97, 57, 111),
(98, 57, 112),
(99, 63, 113),
(100, 63, 114),
(101, 64, 115),
(102, 63, 116),
(103, 65, 117),
(104, 66, 118),
(105, 65, 119),
(106, 67, 120),
(107, 68, 121),
(108, 69, 122),
(109, 51, 123),
(110, 70, 124),
(111, 71, 125),
(112, 72, 126),
(113, 4, 127),
(114, 73, 128),
(115, 27, 129),
(116, 4, 130),
(117, 74, 131),
(118, 4, 132),
(119, 4, 133),
(120, 4, 134),
(121, 75, 135),
(122, 4, 136),
(123, 76, 137),
(124, 77, 138),
(125, 78, 139),
(126, 79, 140),
(127, 80, 141),
(128, 81, 142),
(129, 36, 143),
(130, 82, 144),
(131, 83, 145),
(132, 84, 146),
(133, 85, 147),
(134, 36, 148),
(135, 34, 149),
(136, 86, 150),
(137, 87, 151),
(138, 88, 152),
(139, 89, 153),
(140, 90, 154),
(141, 91, 155),
(142, 92, 156),
(143, 21, 157),
(144, 93, 158),
(145, 94, 159),
(146, 95, 160),
(147, 96, 161),
(148, 97, 162),
(149, 98, 163),
(150, 99, 164),
(151, 100, 165),
(152, 101, 166),
(153, 102, 167),
(154, 103, 168),
(155, 104, 169),
(156, 105, 170),
(157, 106, 171),
(158, 107, 172),
(159, 108, 173),
(160, 103, 174),
(161, 109, 175),
(162, 110, 176),
(163, 111, 177),
(164, 103, 178),
(165, 112, 179),
(166, 113, 180),
(167, 114, 181),
(168, 115, 182),
(169, 116, 183),
(170, 117, 184),
(171, 118, 185),
(172, 119, 186),
(173, 120, 187),
(174, 121, 188),
(175, 122, 189),
(176, 123, 190),
(177, 9, 191),
(178, 68, 192),
(179, 9, 193),
(180, 124, 194),
(181, 125, 195),
(182, 126, 196),
(183, 127, 197),
(184, 92, 198),
(185, 128, 199),
(186, 129, 200),
(187, 131, 1);

-- --------------------------------------------------------

--
-- Cấu trúc bảng cho bảng `musicfavourite`
--

CREATE TABLE `musicfavourite` (
  `id` int(11) NOT NULL,
  `user` int(11) DEFAULT NULL,
  `music` int(11) DEFAULT NULL
) ENGINE=InnoDB DEFAULT CHARSET=utf8mb4 COLLATE=utf8mb4_unicode_520_ci;

--
-- Đang đổ dữ liệu cho bảng `musicfavourite`
--

INSERT INTO `musicfavourite` (`id`, `user`, `music`) VALUES
(1, 5, 17),
(2, 4, 144),
(3, 4, 23),
(4, 3, 71),
(5, 1, 26),
(6, 3, 185),
(7, 1, 34),
(8, 1, 58),
(9, 3, 17),
(10, 5, 177),
(11, 3, 65),
(12, 2, 196),
(13, 4, 51),
(14, 3, 39),
(15, 2, 175),
(16, 2, 83),
(17, 5, 168),
(18, 2, 137),
(19, 2, 59),
(20, 1, 82),
(21, 1, 28),
(22, 4, 151),
(23, 3, 23),
(24, 2, 52),
(25, 4, 68),
(26, 2, 145),
(27, 1, 24),
(28, 2, 86),
(29, 4, 174),
(30, 5, 140),
(31, 4, 173),
(32, 1, 108),
(33, 3, 181),
(34, 4, 161),
(35, 4, 17),
(36, 3, 58),
(37, 5, 84),
(38, 4, 164),
(39, 5, 190),
(40, 5, 124),
(41, 2, 145),
(42, 2, 185),
(43, 4, 123),
(44, 4, 53),
(45, 5, 18),
(46, 1, 28),
(47, 3, 54),
(48, 2, 126),
(49, 2, 156),
(50, 2, 156);

-- --------------------------------------------------------

--
-- Cấu trúc bảng cho bảng `musicsinger`
--

CREATE TABLE `musicsinger` (
  `id` int(11) NOT NULL,
  `singer` int(11) DEFAULT NULL,
  `music` int(11) DEFAULT NULL
) ENGINE=InnoDB DEFAULT CHARSET=utf8mb4 COLLATE=utf8mb4_unicode_520_ci;

--
-- Đang đổ dữ liệu cho bảng `musicsinger`
--

INSERT INTO `musicsinger` (`id`, `singer`, `music`) VALUES
(1, 1, 16),
(2, 2, 17),
(3, 3, 18),
(4, 4, 19),
(5, 5, 20),
(6, 4, 21),
(7, 6, 22),
(8, 7, 23),
(9, 8, 24),
(10, 9, 25),
(11, 4, 26),
(12, 10, 27),
(13, 4, 28),
(14, 11, 29),
(15, 12, 30),
(16, 13, 31),
(17, 14, 32),
(18, 15, 33),
(19, 16, 34),
(20, 17, 35),
(21, 4, 36),
(22, 18, 37),
(23, 19, 38),
(24, 4, 39),
(25, 20, 40),
(26, 21, 41),
(27, 4, 42),
(28, 22, 43),
(29, 23, 44),
(30, 24, 45),
(31, 25, 46),
(32, 4, 47),
(33, 26, 48),
(34, 4, 49),
(35, 4, 50),
(36, 4, 51),
(37, 27, 52),
(38, 14, 53),
(39, 4, 54),
(40, 28, 55),
(41, 29, 56),
(42, 4, 57),
(43, 30, 58),
(44, 31, 59),
(45, 18, 60),
(46, 32, 61),
(47, 4, 62),
(48, 4, 63),
(49, 4, 64),
(50, 33, 65),
(51, 34, 66),
(52, 35, 67),
(53, 36, 68),
(54, 37, 69),
(55, 28, 70),
(56, 35, 71),
(57, 35, 72),
(58, 38, 73),
(59, 39, 74),
(60, 40, 75),
(61, 41, 76),
(62, 42, 77),
(63, 43, 78),
(64, 28, 79),
(65, 28, 80),
(66, 44, 81),
(67, 28, 82),
(68, 45, 83),
(69, 46, 84),
(70, 47, 85),
(71, 28, 86),
(72, 48, 87),
(73, 49, 88),
(74, 50, 89),
(75, 51, 90),
(76, 52, 91),
(77, 52, 92),
(78, 53, 93),
(79, 54, 94),
(80, 55, 95),
(81, 56, 96),
(82, 57, 97),
(83, 58, 98),
(84, 4, 99),
(85, 59, 100),
(86, 60, 101),
(87, 60, 102),
(88, 60, 103),
(89, 61, 104),
(90, 62, 105),
(91, 63, 105),
(92, 64, 106),
(93, 65, 107),
(94, 66, 107),
(95, 67, 107),
(96, 68, 107),
(97, 69, 108),
(98, 62, 109),
(99, 70, 109),
(100, 60, 110),
(101, 60, 111),
(102, 60, 112),
(103, 21, 113),
(104, 21, 114),
(105, 71, 115),
(106, 21, 116),
(107, 72, 117),
(108, 73, 118),
(109, 72, 119),
(110, 74, 120),
(111, 75, 121),
(112, 76, 121),
(113, 77, 122),
(114, 53, 123),
(115, 78, 124),
(116, 79, 125),
(117, 80, 126),
(118, 81, 127),
(119, 82, 127),
(120, 83, 127),
(121, 84, 128),
(122, 30, 129),
(123, 4, 130),
(124, 85, 131),
(125, 4, 132),
(126, 86, 133),
(127, 87, 134),
(128, 88, 135),
(129, 4, 136),
(130, 89, 137),
(131, 90, 138),
(132, 91, 139),
(133, 92, 140),
(134, 93, 141),
(135, 94, 142),
(136, 95, 142),
(137, 96, 142),
(138, 38, 143),
(139, 97, 144),
(140, 98, 145),
(141, 99, 146),
(142, 100, 147),
(143, 38, 148),
(144, 36, 149),
(145, 101, 150),
(146, 102, 150),
(147, 103, 151),
(148, 104, 151),
(149, 105, 152),
(150, 106, 153),
(151, 107, 154),
(152, 9, 155),
(153, 108, 156),
(154, 109, 157),
(155, 110, 158),
(156, 111, 159),
(157, 112, 160),
(158, 53, 160),
(159, 113, 161),
(160, 114, 162),
(161, 115, 162),
(162, 116, 163),
(163, 117, 164),
(164, 118, 164),
(165, 117, 165),
(166, 119, 165),
(167, 120, 166),
(168, 121, 166),
(169, 122, 166),
(170, 123, 166),
(171, 121, 167),
(172, 124, 167),
(173, 125, 168),
(174, 126, 169),
(175, 127, 169),
(176, 128, 170),
(177, 129, 171),
(178, 130, 172),
(179, 131, 173),
(180, 125, 174),
(181, 132, 175),
(182, 133, 176),
(183, 134, 177),
(184, 135, 178),
(185, 125, 178),
(186, 136, 179),
(187, 137, 180),
(188, 138, 181),
(189, 139, 182),
(190, 140, 183),
(191, 141, 184),
(192, 142, 185),
(193, 143, 186),
(194, 144, 186),
(195, 145, 187),
(196, 146, 188),
(197, 147, 189),
(198, 148, 189),
(199, 149, 190),
(200, 76, 190),
(201, 150, 191),
(202, 76, 1),
(203, 75, 2),
(204, 76, 3),
(205, 150, 4),
(206, 76, 5),
(207, 151, 6),
(208, 152, 7),
(209, 153, 8),
(210, 154, 9),
(211, 155, 10),
(212, 156, 11),
(213, 108, 12),
(214, 157, 13),
(215, 158, 14),
(216, 159, 15);


-- --------------------------------------------------------

--
-- Cấu trúc bảng cho bảng `playlist`
--

CREATE TABLE `playlist` (
  `id` int(11) NOT NULL,
  `user` int(11) DEFAULT NULL,
  `name` varchar(255) DEFAULT 'Unknown',
  `image` varchar(255) NOT NULL DEFAULT '1.webp',
  `status` int(11) NOT NULL DEFAULT 1
) ENGINE=InnoDB DEFAULT CHARSET=utf8mb4 COLLATE=utf8mb4_unicode_520_ci;

--
-- Đang đổ dữ liệu cho bảng `playlist`
--

INSERT INTO `playlist` (`id`, `user`, `name`, `image`, `status`) VALUES
(1, 1, 'Playlist Nghe nhiều nhất', '1.webp', 1),
(2, 4, 'Playlist nghe nhiều', '2.webp', 1),
(3, 3, 'Playlist top', '3.webp', 1),
(4, 2, 'Playlist Hay Nghe', '4.webp', 1),
(5, 1, 'Playlist test', '1.webp', 1),
(6, 5, 'Playlist test', '2.webp', 1),
(7, 5, 'Playlist test', '3.webp', 1),
(8, 5, 'Playlist test', '4.webp', 1),
(9, 1, 'Playlist test', '5.webp', 1),
(10, 2, 'Playlist test', '6.webp', 1);

-- --------------------------------------------------------

--
-- Cấu trúc bảng cho bảng `playlistdetail`
--

CREATE TABLE `playlistdetail` (
  `id` int(11) NOT NULL,
  `playlist` int(11) DEFAULT NULL,
  `music` int(11) DEFAULT NULL,
  `status` int(11) NOT NULL DEFAULT 1
) ENGINE=InnoDB DEFAULT CHARSET=utf8mb4 COLLATE=utf8mb4_unicode_520_ci;

--
-- Đang đổ dữ liệu cho bảng `playlistdetail`
--

INSERT INTO `playlistdetail` (`id`, `playlist`, `music`, `status`) VALUES
(1, 9, 137, 1),
(2, 10, 59, 1),
(3, 2, 21, 1),
(4, 8, 34, 1),
(5, 2, 46, 1),
(6, 2, 189, 1),
(7, 1, 168, 1),
(8, 7, 198, 1),
(9, 6, 161, 1),
(10, 7, 54, 1),
(11, 10, 117, 1),
(12, 4, 98, 1),
(13, 6, 132, 1),
(14, 3, 88, 1),
(15, 3, 154, 1),
(16, 4, 16, 1),
(17, 9, 112, 1),
(18, 3, 108, 1),
(19, 3, 138, 1),
(20, 3, 73, 1),
(21, 10, 139, 1),
(22, 6, 151, 1),
(23, 7, 51, 1),
(24, 6, 70, 1),
(25, 1, 58, 1),
(26, 8, 42, 1),
(27, 8, 130, 1),
(28, 10, 36, 1),
(29, 2, 121, 1),
(30, 5, 75, 1),
(31, 5, 99, 1),
(32, 6, 176, 1),
(33, 9, 114, 1),
(34, 4, 82, 1),
(35, 10, 145, 1),
(36, 10, 169, 1),
(37, 7, 84, 1),
(38, 5, 193, 1),
(39, 3, 43, 1),
(40, 6, 142, 1),
(41, 10, 135, 1),
(42, 6, 153, 1),
(43, 4, 41, 1),
(44, 3, 194, 1),
(45, 1, 29, 1),
(46, 9, 66, 1);

-- --------------------------------------------------------

--
-- Cấu trúc bảng cho bảng `singer`
--

CREATE TABLE `singer` (
  `id` int(11) NOT NULL,
  `country` int(11) DEFAULT NULL,
  `name` varchar(255) CHARACTER SET utf8 COLLATE utf8_general_ci DEFAULT NULL,
  `description` varchar(255) CHARACTER SET utf8 COLLATE utf8_general_ci DEFAULT NULL,
  `image` varchar(255) NOT NULL DEFAULT '1.webp',
  `status` int(11) NOT NULL DEFAULT 1
) ENGINE=InnoDB DEFAULT CHARSET=utf8mb4 COLLATE=utf8mb4_unicode_520_ci;

--
-- Đang đổ dữ liệu cho bảng `singer`
--

INSERT INTO `singer` (`id`, `country`, `name`, `description`, `image`, `status`) VALUES
(1, 1, 'Hương Ly', NULL, '1.webp', 1),
(2, 1, 'Hà Duy Thái', NULL, '2.webp', 1),
(3, 1, 'Thái Học', NULL, '3.webp', 1),
(4, 1, 'Hương Tràm', NULL, '4.webp', 1),
(5, 1, 'Orange', NULL, '5.webp', 1),
(6, 1, 'Du Uyên', NULL, '6.webp', 1),
(7, 1, 'Yan Nguyễn', NULL, '7.webp', 1),
(8, 1, 'Diệu Kiên', NULL, '8.webp', 1),
(9, 1, 'Tiên Cookie', NULL, '9.webp', 1),
(10, 1, 'Trang Thiên', NULL, '10.webp', 1),
(11, 1, 'H-Kray', NULL, '11.webp', 1),
(12, 1, 'Huy Vạc', NULL, '12.webp', 1),
(13, 1, 'Katy Trần', NULL, '13.webp', 1),
(14, 1, 'Sơn Tùng Mtp', NULL, '14.webp', 1),
(15, 1, 'Đoàn Thúy Trang', NULL, '15.webp', 1),
(16, 1, 'Bích Phương', NULL, '16.webp', 1),
(17, 1, 'Nguyễn Vĩ', NULL, '1.webp', 1),
(18, 1, 'Gia Huy', NULL, '1.webp', 1),
(19, 1, 'Nguyễn Zoe', NULL, '1.webp', 1),
(20, 1, 'Lee Phú Quý', NULL, '1.webp', 1),
(21, 1, 'Noo Phước Thịnh', NULL, '1.webp', 1),
(22, 1, 'Trịnh Công Sơn', NULL, '1.webp', 1),
(23, 1, 'Trịnh Thiên Ân', NULL, '1.webp', 1),
(24, 1, 'Nguyễn Phúc Thiện', NULL, '1.webp', 1),
(25, 1, 'Thúy Nga', NULL, '1.webp', 1),
(26, 1, 'Yling', NULL, '1.webp', 1),
(27, 5, 'T-Ara', NULL, '1.webp', 1),
(28, 2, 'Alan Walker', NULL, '1.webp', 1),
(29, 1, 'Rick Price', NULL, '1.webp', 1),
(30, 1, 'Hoàng Thùy Linh', NULL, '1.webp', 1),
(31, 1, 'Minh Vương M4U', NULL, '1.webp', 1),
(32, 1, 'H2K', NULL, '1.webp', 1),
(33, 2, 'Sezen Aksu', NULL, '1.webp', 1),
(34, 2, 'Mariah Carey', NULL, '1.webp', 1),
(35, 2, 'Charlie Puth', NULL, '1.webp', 1),
(36, 2, 'Ed Sheeran', NULL, '1.webp', 1),
(37, 2, 'Alec Benjamin', NULL, '1.webp', 1),
(38, 2, 'Maroon 5', NULL, '1.webp', 1),
(39, 2, 'Meghan Trainor', NULL, '1.webp', 1),
(40, 2, 'Shawn Mendes', NULL, '1.webp', 1),
(41, 2, 'Camila Cabello', NULL, '1.webp', 1),
(42, 2, 'Justin Bieber', NULL, '1.webp', 1),
(43, 2, 'Ellie Goulding', NULL, '1.webp', 1),
(44, 2, 'Luis Fonsi', NULL, '1.webp', 1),
(45, 2, 'Jaymes Young', NULL, '1.webp', 1),
(46, 2, 'Pink Sweat', NULL, '1.webp', 1),
(47, 2, 'Aaron Smith', NULL, '1.webp', 1),
(48, 2, 'Shaun', NULL, '1.webp', 1),
(49, 2, 'Mitchell Tenpenny', NULL, '1.webp', 1),
(50, 2, 'Armnhrm', NULL, '1.webp', 1),
(51, 2, 'Seven Lions', NULL, '1.webp', 1),
(52, 1, 'Thanh Hưng', NULL, '1.webp', 1),
(53, 1, 'Bùi Anh Tuấn', NULL, '1.webp', 1),
(54, 1, 'Ngọc Quyền Sang', NULL, '1.webp', 1),
(55, 1, 'Trà My Idol', NULL, '1.webp', 1),
(56, 1, 'Lady Mây', NULL, '1.webp', 1),
(57, 1, 'Cao Nam Thành', NULL, '1.webp', 1),
(58, 1, 'Phùng Thanh Độ', NULL, '1.webp', 1),
(59, 1, 'Czee', NULL, '1.webp', 1),
(60, 1, 'Sơn Tùng M-Tp', NULL, '1.webp', 1),
(61, 1, 'Rhymatic', NULL, '1.webp', 1),
(62, 1, 'Huyr', NULL, '1.webp', 1),
(63, 1, 'Tùng Viu', NULL, '1.webp', 1),
(64, 1, 'Da Lab', NULL, '1.webp', 1),
(65, 1, 'Masew', NULL, '1.webp', 1),
(66, 1, 'Masiu', NULL, '1.webp', 1),
(67, 1, 'B Ray', NULL, '1.webp', 1),
(68, 1, 'Tap', NULL, '1.webp', 1),
(69, 1, 'Hoà Minzy', NULL, '1.webp', 1),
(70, 1, 'Độ Mixi', NULL, '1.webp', 1),
(71, 1, 'Jack 97', NULL, '1.webp', 1),
(72, 1, 'Hà Anh Tuấn', NULL, '1.webp', 1),
(73, 1, 'Buitruonglinh', NULL, '1.webp', 1),
(74, 1, 'Duy Tuyên', NULL, '1.webp', 1),
(75, 1, 'Phúcxp', NULL, '1.webp', 1),
(76, 1, 'Freakd', NULL, '1.webp', 1),
(77, 1, 'Mỹ Tâm', NULL, '1.webp', 1),
(78, 1, 'Hà Nhi', NULL, '1.webp', 1),
(79, 1, 'Kym', NULL, '1.webp', 1),
(80, 1, 'Cầm', NULL, '1.webp', 1),
(81, 1, 'Umie', NULL, '1.webp', 1),
(82, 1, 'Freaky', NULL, '1.webp', 1),
(83, 1, 'Hổ', NULL, '1.webp', 1),
(84, 1, 'Choco', NULL, '1.webp', 1),
(85, 1, 'Phúc Du', NULL, '1.webp', 1),
(86, 1, 'Hoàng Duyên', NULL, '1.webp', 1),
(87, 1, 'Hứa Kim Tuyền', NULL, '1.webp', 1),
(88, 1, 'Quanvro', NULL, '1.webp', 1),
(89, 1, 'Min', NULL, '1.webp', 1),
(90, 1, 'Bùi Trường Linh', NULL, '1.webp', 1),
(91, 1, 'O.Lew', NULL, '1.webp', 1),
(92, 1, 'Vũ', NULL, '1.webp', 1),
(93, 1, 'Long Phạm', NULL, '1.webp', 1),
(94, 1, 'Lã.', NULL, '1.webp', 1),
(95, 1, 'Log', NULL, '1.webp', 1),
(96, 2, 'Tib', NULL, '1.webp', 1),
(97, 2, 'Kygo', NULL, '1.webp', 1),
(98, 2, 'Dean Lewis', NULL, '1.webp', 1),
(99, 2, 'Lauv', NULL, '1.webp', 1),
(100, 2, 'Carys', NULL, '1.webp', 1),
(101, 2, 'The Chainsmokers', NULL, '1.webp', 1),
(102, 2, 'Haley', NULL, '1.webp', 1),
(103, 2, 'Justine Skye', NULL, '1.webp', 1),
(104, 2, 'Tyga', NULL, '1.webp', 1),
(105, 2, 'Tone And I', NULL, '1.webp', 1),
(106, 2, 'Air Supply', NULL, '1.webp', 1),
(107, 1, 'Chi Dân', NULL, '1.webp', 1),
(108, 1, 'Soobin Hoàng Sơn', NULL, '1.webp', 1),
(109, 1, 'Only C Ft Lou Hoàng', NULL, '1.webp', 1),
(110, 1, 'Doãn Hiếu', NULL, '1.webp', 1),
(111, 1, 'Đức Phúc', NULL, '1.webp', 1),
(112, 1, 'Hiền Hồ', NULL, '1.webp', 1),
(113, 1, 'Nal', NULL, '1.webp', 1),
(114, 1, 'Jin Tuấn Nam', NULL, '1.webp', 1),
(115, 1, 'Võ Lê Mi', NULL, '1.webp', 1),
(116, 1, 'Phát Hồ', NULL, '1.webp', 1),
(117, 1, 'Kay Trần', NULL, '1.webp', 1),
(118, 1, 'Nguyễn Khoa', NULL, '1.webp', 1),
(119, 1, 'Binz', NULL, '1.webp', 1),
(120, 1, 'Nguyễn Đình Vũ', NULL, '1.webp', 1),
(121, 1, 'Tăng Phúc', NULL, '1.webp', 1),
(122, 1, 'Yuno Bigboy', NULL, '1.webp', 1),
(123, 1, 'Dino', NULL, '1.webp', 1),
(124, 1, 'Thảo Nhi', NULL, '1.webp', 1),
(125, 3, 'Uông Tô Lang', NULL, '1.webp', 1),
(126, 3, 'Tôn Ngữ Trại', NULL, '1.webp', 1),
(127, 3, 'Tiêu Doãn', NULL, '1.webp', 1),
(128, 3, 'Kimsa', NULL, '1.webp', 1),
(129, 3, 'Tfboys', NULL, '1.webp', 1),
(130, 3, 'Bất Thị Hoa Hoả Nha', NULL, '1.webp', 1),
(131, 3, 'Kim Chí Văn', NULL, '1.webp', 1),
(132, 3, 'Dương Dương', NULL, '1.webp', 1),
(133, 3, 'Hồ Ngạn Bân', NULL, '1.webp', 1),
(134, 3, 'Tô Thi Đinh', NULL, '1.webp', 1),
(135, 3, 'Địch Lệ Nhiệt Ba', NULL, '1.webp', 1),
(136, 3, 'Lê Lâm Thiêm Kiều', NULL, '1.webp', 1),
(137, 3, '喬凡三', NULL, '1.webp', 1),
(138, 3, '星空秘语', NULL, '1.webp', 1),
(139, 5, 'Black Pink', NULL, '1.webp', 1),
(140, 5, 'Big Bang', NULL, '1.webp', 1),
(141, 2, 'Davichi', NULL, '1.webp', 1),
(142, 2, 'Gummy', NULL, '1.webp', 1),
(143, 2, 'Walk Off The Earth', NULL, '1.webp', 1),
(144, 2, 'Luminati Suns', NULL, '1.webp', 1),
(145, 2, 'Rauf & Faik', NULL, '1.webp', 1),
(146, 2, 'Sakarin', NULL, '1.webp', 1),
(147, 1, 'Song Luân', NULL, '1.webp', 1),
(148, 1, 'Curak', NULL, '1.webp', 1),
(149, 1, 'Thành Đạt', NULL, '1.webp', 1),
(150, 1, 'Andiez', NULL, '1.webp', 1),
(151, 1, 'Lập Nguyên', NULL, '1.webp', 1),
(152, 1, 'Nguyen', NULL, '1.webp', 1),
(153, 1, 'Aric', NULL, '1.webp', 1),
(154, 1, 'Quang Đăng Trần', NULL, '1.webp', 1),
(155, 1, 'Emcee L', NULL, '1.webp', 1),
(156, 1, 'Muội', NULL, '1.webp', 1),
(157, 1, 'Green', NULL, '1.webp', 1),
(158, 1, 'Y Ling', NULL, '1.webp', 1),
(159, 1, 'Nguyễn Minh Phúc', NULL, '1.webp', 1);

-- --------------------------------------------------------

--
-- Cấu trúc bảng cho bảng `users`
--

CREATE TABLE `users` (
  `id` int(11) NOT NULL,
  `name` varchar(255) CHARACTER SET utf8 COLLATE utf8_general_ci DEFAULT NULL,
  `phone` varchar(255) CHARACTER SET utf8 COLLATE utf8_general_ci DEFAULT NULL,
  `email` varchar(255) CHARACTER SET utf8 COLLATE utf8_general_ci DEFAULT NULL,
  `password` varchar(255) CHARACTER SET utf8 COLLATE utf8_general_ci DEFAULT NULL,
  `country` int(11) DEFAULT NULL,
  `role` int(11) DEFAULT NULL,
  `status` int(4) DEFAULT NULL
) ENGINE=InnoDB DEFAULT CHARSET=utf8mb4 COLLATE=utf8mb4_unicode_520_ci;

--
-- Đang đổ dữ liệu cho bảng `users`
--

INSERT INTO `users` (`id`, `name`, `phone`, `email`, `password`, `country`, `role`, `status`) VALUES
(1, 'admin', '090909090', 'admin@gmail.com', 'e10adc3949ba59abbe56e057f20f883e', 1, 2, 1),
(2, 'xuanha', '090909090', 'xuanha@gmail.com', 'e10adc3949ba59abbe56e057f20f883e', 1, 1, 1),
(3, 'danhuy', '090909090', 'danhuy@gmail.com', 'e10adc3949ba59abbe56e057f20f883e', 1, 1, 1),
(4, 'ventran', '090909090', 'thiven@gmail.com', 'e10adc3949ba59abbe56e057f20f883e', 1, 1, 1),
(5, 'dangkhoi', '090909090', 'dangkhoi@gmail.com', 'e10adc3949ba59abbe56e057f20f883e', 1, 1, 1)
(6, 'user', '090909090', 'user@gmail.com', 'e10adc3949ba59abbe56e057f20f883e', 1, 1, 1);

--
-- Chỉ mục cho các bảng đã đổ
--

--
-- Chỉ mục cho bảng `category`
--
ALTER TABLE `category`
  ADD PRIMARY KEY (`id`);

--
-- Chỉ mục cho bảng `category_type`
--
ALTER TABLE `category_type`
  ADD PRIMARY KEY (`id`);

--
-- Chỉ mục cho bảng `composer`
--
ALTER TABLE `composer`
  ADD PRIMARY KEY (`id_composer`),
  ADD KEY `country` (`country`);

--
-- Chỉ mục cho bảng `country`
--
ALTER TABLE `country`
  ADD PRIMARY KEY (`id`);

--
-- Chỉ mục cho bảng `historyplay`
--
ALTER TABLE `historyplay`
  ADD PRIMARY KEY (`id`),
  ADD KEY `iuser` (`iuser`),
  ADD KEY `music` (`music`);

--
-- Chỉ mục cho bảng `music`
--
ALTER TABLE `music`
  ADD PRIMARY KEY (`id`),
  ADD KEY `poster` (`poster`),
  ADD KEY `country` (`country`);

--
-- Chỉ mục cho bảng `musiccategory`
--
ALTER TABLE `musiccategory`
  ADD PRIMARY KEY (`id`),
  ADD KEY `category` (`category`),
  ADD KEY `music` (`music`);

--
-- Chỉ mục cho bảng `musiccomposer`
--
ALTER TABLE `musiccomposer`
  ADD PRIMARY KEY (`id`),
  ADD KEY `composer` (`composer`),
  ADD KEY `music` (`music`);

--
-- Chỉ mục cho bảng `musicfavourite`
--
ALTER TABLE `musicfavourite`
  ADD PRIMARY KEY (`id`),
  ADD KEY `iuser` (`user`),
  ADD KEY `music` (`music`);

--
-- Chỉ mục cho bảng `musicsinger`
--
ALTER TABLE `musicsinger`
  ADD PRIMARY KEY (`id`),
  ADD KEY `singer` (`singer`),
  ADD KEY `music` (`music`);

--
-- Chỉ mục cho bảng `playlist`
--
ALTER TABLE `playlist`
  ADD PRIMARY KEY (`id`),
  ADD KEY `iuser` (`user`);

--
-- Chỉ mục cho bảng `playlistdetail`
--
ALTER TABLE `playlistdetail`
  ADD PRIMARY KEY (`id`),
  ADD KEY `playlist` (`playlist`),
  ADD KEY `music` (`music`);

--
-- Chỉ mục cho bảng `singer`
--
ALTER TABLE `singer`
  ADD PRIMARY KEY (`id`),
  ADD KEY `country` (`country`);

--
-- Chỉ mục cho bảng `users`
--
ALTER TABLE `users`
  ADD PRIMARY KEY (`id`),
  ADD KEY `country` (`country`);

--
-- AUTO_INCREMENT cho các bảng đã đổ
--

--
-- AUTO_INCREMENT cho bảng `category`
--
ALTER TABLE `category`
  MODIFY `id` int(11) NOT NULL AUTO_INCREMENT, AUTO_INCREMENT=9;

--
-- AUTO_INCREMENT cho bảng `category_type`
--
ALTER TABLE `category_type`
  MODIFY `id` int(11) NOT NULL AUTO_INCREMENT, AUTO_INCREMENT=9;

--
-- AUTO_INCREMENT cho bảng `composer`
--
ALTER TABLE `composer`
  MODIFY `id_composer` int(11) NOT NULL AUTO_INCREMENT, AUTO_INCREMENT=132;

--
-- AUTO_INCREMENT cho bảng `country`
--
ALTER TABLE `country`
  MODIFY `id` int(11) NOT NULL AUTO_INCREMENT, AUTO_INCREMENT=6;

--
-- AUTO_INCREMENT cho bảng `historyplay`
--
ALTER TABLE `historyplay`
  MODIFY `id` int(11) NOT NULL AUTO_INCREMENT, AUTO_INCREMENT=51;

--
-- AUTO_INCREMENT cho bảng `music`
--
ALTER TABLE `music`
  MODIFY `id` int(11) NOT NULL AUTO_INCREMENT, AUTO_INCREMENT=201;

--
-- AUTO_INCREMENT cho bảng `musiccategory`
--
ALTER TABLE `musiccategory`
  MODIFY `id` int(11) NOT NULL AUTO_INCREMENT, AUTO_INCREMENT=190;

--
-- AUTO_INCREMENT cho bảng `musiccomposer`
--
ALTER TABLE `musiccomposer`
  MODIFY `id` int(11) NOT NULL AUTO_INCREMENT, AUTO_INCREMENT=188;

--
-- AUTO_INCREMENT cho bảng `musicfavourite`
--
ALTER TABLE `musicfavourite`
  MODIFY `id` int(11) NOT NULL AUTO_INCREMENT, AUTO_INCREMENT=51;

--
-- AUTO_INCREMENT cho bảng `musicsinger`
--
ALTER TABLE `musicsinger`
  MODIFY `id` int(11) NOT NULL AUTO_INCREMENT, AUTO_INCREMENT=217;

--
-- AUTO_INCREMENT cho bảng `playlist`
--
ALTER TABLE `playlist`
  MODIFY `id` int(11) NOT NULL AUTO_INCREMENT, AUTO_INCREMENT=11;

--
-- AUTO_INCREMENT cho bảng `playlistdetail`
--
ALTER TABLE `playlistdetail`
  MODIFY `id` int(11) NOT NULL AUTO_INCREMENT, AUTO_INCREMENT=47;

--
-- AUTO_INCREMENT cho bảng `singer`
--
ALTER TABLE `singer`
  MODIFY `id` int(11) NOT NULL AUTO_INCREMENT, AUTO_INCREMENT=160;

--
-- AUTO_INCREMENT cho bảng `users`
--
ALTER TABLE `users`
  MODIFY `id` int(11) NOT NULL AUTO_INCREMENT, AUTO_INCREMENT=10;

--
-- Các ràng buộc cho các bảng đã đổ
--

--
-- Các ràng buộc cho bảng `composer`
--
ALTER TABLE `composer`
  ADD CONSTRAINT `composer_ibfk_1` FOREIGN KEY (`country`) REFERENCES `country` (`id`);

--
-- Các ràng buộc cho bảng `historyplay`
--
ALTER TABLE `historyplay`
  ADD CONSTRAINT `historyplay_ibfk_1` FOREIGN KEY (`iuser`) REFERENCES `users` (`id`),
  ADD CONSTRAINT `historyplay_ibfk_2` FOREIGN KEY (`music`) REFERENCES `music` (`id`);

--
-- Các ràng buộc cho bảng `music`
--
ALTER TABLE `music`
  ADD CONSTRAINT `music_ibfk_1` FOREIGN KEY (`poster`) REFERENCES `users` (`id`),
  ADD CONSTRAINT `music_ibfk_2` FOREIGN KEY (`country`) REFERENCES `country` (`id`);

--
-- Các ràng buộc cho bảng `musiccategory`
--
ALTER TABLE `musiccategory`
  ADD CONSTRAINT `musiccategory_ibfk_1` FOREIGN KEY (`category`) REFERENCES `category` (`id`),
  ADD CONSTRAINT `musiccategory_ibfk_2` FOREIGN KEY (`music`) REFERENCES `music` (`id`);

--
-- Các ràng buộc cho bảng `musiccomposer`
--
ALTER TABLE `musiccomposer`
  ADD CONSTRAINT `musiccomposer_ibfk_1` FOREIGN KEY (`composer`) REFERENCES `composer` (`id_composer`),
  ADD CONSTRAINT `musiccomposer_ibfk_2` FOREIGN KEY (`music`) REFERENCES `music` (`id`);

--
-- Các ràng buộc cho bảng `musicfavourite`
--
ALTER TABLE `musicfavourite`
  ADD CONSTRAINT `musicfavourite_ibfk_1` FOREIGN KEY (`user`) REFERENCES `users` (`id`),
  ADD CONSTRAINT `musicfavourite_ibfk_2` FOREIGN KEY (`music`) REFERENCES `music` (`id`);

--
-- Các ràng buộc cho bảng `musicsinger`
--
ALTER TABLE `musicsinger`
  ADD CONSTRAINT `musicsinger_ibfk_1` FOREIGN KEY (`singer`) REFERENCES `singer` (`id`),
  ADD CONSTRAINT `musicsinger_ibfk_2` FOREIGN KEY (`music`) REFERENCES `music` (`id`);

--
-- Các ràng buộc cho bảng `playlist`
--
ALTER TABLE `playlist`
  ADD CONSTRAINT `playlist_ibfk_1` FOREIGN KEY (`user`) REFERENCES `users` (`id`);

--
-- Các ràng buộc cho bảng `playlistdetail`
--
ALTER TABLE `playlistdetail`
  ADD CONSTRAINT `playlistdetail_ibfk_1` FOREIGN KEY (`playlist`) REFERENCES `playlist` (`id`),
  ADD CONSTRAINT `playlistdetail_ibfk_2` FOREIGN KEY (`music`) REFERENCES `music` (`id`);

--
-- Các ràng buộc cho bảng `singer`
--
ALTER TABLE `singer`
  ADD CONSTRAINT `singer_ibfk_1` FOREIGN KEY (`country`) REFERENCES `country` (`id`);

--
-- Các ràng buộc cho bảng `users`
--
ALTER TABLE `users`
  ADD CONSTRAINT `users_ibfk_1` FOREIGN KEY (`country`) REFERENCES `country` (`id`);
COMMIT;

/*!40101 SET CHARACTER_SET_CLIENT=@OLD_CHARACTER_SET_CLIENT */;
/*!40101 SET CHARACTER_SET_RESULTS=@OLD_CHARACTER_SET_RESULTS */;
/*!40101 SET COLLATION_CONNECTION=@OLD_COLLATION_CONNECTION */;
